paper_id	rating
cXs5md5wAq	4.5
rhgIgTSSxW	5.75
kKRbAY4CXv	4.25
ApjY32f3Xr	5.25
eUgS9Ig8JG	7.0
qBL04XXex6	6.0
H9DYMIpz9c	5.0
rp5vfyp5Np	4.25
miGpIhquyB	5.5
6AtXCnHCFy	3.625
9ceadCJY4B	5.666666666666667
gYcft1HIaU	4.333333333333333
10eQ4Cfh8p	3.0
BQvbL2sFQx	4.6
eR4W9tnJoZ	2.5
jx6njBKH8E	5.75
rGvDRT4Z60	3.6666666666666665
w73feIekdO	3.25
kmn0BhQk7p	7.2
cQgjz0mf0r	4.25
i8PjQT3Uig	6.666666666666667
JWrl5pJCnl	5.0
jUNSBetmAo	5.25
7QlKLvfVge	5.25
yacRhge4zQ	4.666666666666667
UVSKuh9eK5	5.666666666666667
23OEmHVkpq	5.25
E5CMyG6jl0	6.0
AOSsLRKQrX	3.5
1FWDEIGm33	3.5
dYjuJGTEbc	4.5
eepoE7iLpL	5.666666666666667
jXR5pjs1rV	4.333333333333333
lK2V2E2MNv	5.8
3wL1tj3kqE	3.25
9L9j5bQPIY	2.5
gtkFw6sZGS	5.333333333333333
7vVWiCrFnd	6.6
lNIj5FdXsC	5.25
bDWXhzZT40	6.666666666666667
DwcV654WBP	6.5
SLw9fp4yI6	7.0
My7lkRNnL9	6.5
xibcBSuuq0	5.0
B0wJ5oCPdB	6.0
IefMMX12yk	5.333333333333333
pYmQId95iR	4.25
AZGIwqCyYY	5.75
Q3aKBKCqG8	4.0
BTKAeLqLMw	6.333333333333333
AJBkfwXh3u	6.0
tmsqb6WpLz	5.75
RpKA1wqgk0	5.25
xNdE7RiRyP	5.25
TPZRq4FALB	8.0
UPyLDIVBNP	5.0
30L0rr9W8A	4.0
78iGZdqxYY	6.0
D6Htk1rwkK	4.25
k65Nh7IV6X	4.5
9k0krNzvlV	5.75
n1LiKueC4F	5.25
D0zeqL7Vnz	5.5
elMKXvhhQ9	7.0
O3BaKCxTAO	3.6666666666666665
Iyve2ycvGZ	6.0
j7S7o6ROn9	5.0
7Yg5eylBHe	3.25
fGskrC9Wy1	2.3333333333333335
Xsrsj3cne4	3.5
wlRp8IdLkN	4.666666666666667
M11LONBkx1	5.75
2wwPG1wpsu	2.5
LegZeFYugN	5.25
4IxtmklIym	4.75
lmYGRGyL4i	4.8
P2gnDEHGu3	5.25
0JTwZ30qPH	4.0
ILStlRb1Sp	5.0
Hm6maU150b	5.666666666666667
Ebt7JgMHv1	6.333333333333333
qgyLAr2cOs	5.75
YItWKZci78	6.8
RvmrhrPy7j	3.6666666666666665
030cjlZm4a	5.666666666666667
Rd4pGjTcTj	5.5
bSlAUCyY4T	5.25
ukmh3mWFf0	3.4
l18hiEXRJS	4.5
lF2aip4Scn	6.5
jFiFmHrIfD	3.6666666666666665
TvkvWjxj3T	4.75
xVBXz7wD2m	5.25
3sOE3MFepx	2.2
2Pup7olzxj	4.75
vESNKdEMGp	6.4
DZ6B5u4vfe	4.25
PuCno7nwgH	3.75
csukJcpYDe	7.5
RzNlECeoOB	7.333333333333333
JBLHIR8kBZ	4.0
yGdoTL9g18	3.0
Pp8Kb4hejU	4.0
FI0vOp2asx	7.0
v6a1pXXADC	4.666666666666667
6yJuDK1DsK	4.5
GrunXMbdXY	4.25
UTGv8CayNt	5.5
nTwb2vBLOV	6.0
bUv5gJAAxH	3.5
QqqkskOFO9	4.0
FMMF1a9ifL	6.5
buC4E91xZE	6.166666666666667
6SNyuiph3F	5.25
nOf6sb63dT	4.0
uxFme785fq	2.5
uGtfk2OphU	5.666666666666667
tgjGR7eY5H	4.5
SRn2o3ij25	4.666666666666667
LojXXo2xaf	6.0
0Z6lN4GYrO	4.666666666666667
5JWAOLBxwp	5.8
GxrVyYoLSx	3.5
AqN23oqraW	6.75
hv3SklibkL	6.0
xWrAAsdKoX	4.6
N0nTk5BSvO	5.75
idpV2AqusC	6.25
72MSbSZtHv	5.333333333333333
Dxl0EuFjlf	6.0
OsGUnYOzii	6.5
H0RztJssmQ	4.333333333333333
wkbeqr5XhC	6.0
KXNLvfCxEr	3.75
MhzKwuvpm6	3.6666666666666665
EyDPfGy4Wh	5.666666666666667
VRJzlm2ecv	4.75
iKsu33WcmU	5.0
9TJDsOEaBC	5.25
I7kpf3mZ4n	5.25
lnffMykYSj	4.5
SQpnEfv9WH	4.75
JuyFppXzh2	5.25
wfgZc3IMqo	6.0
0xLWPdObG1	5.0
3SJE1WLB4M	8.0
Ali45HfJqJ	5.75
cbVnJa4l2o	4.0
WBCPdhQPuz	5.25
dCHbFDsCZz	6.0
JL42j1BL5h	3.5
oDYXpvnv5f	4.5
RGE8Bs5Tra	3.75
y3CsNQal2l	4.75
NF5uhYkI9C	5.5
SJ9lqUalq1	5.25
jZPqf2G9Sw	5.5
6UQaXJm53B	5.25
ZmbCZw81xf	4.333333333333333
5451cIQdWp	4.75
e5hZmQXHHg	3.5
774elYc5tw	4.25
tEgrUrUuwA	5.5
EmQSOi1X2f	6.0
YkR9UFlQ1s	4.4
otoggKnn0A	4.0
4fVuBf5HE9	4.333333333333333
lhZEodF8Dn	7.0
dAqH7CfHjL	4.333333333333333
ER1VDuwWvB	3.6666666666666665
d6oUP1tyNx	3.0
1zhM0XkQh0	5.75
rmLTwKGiSP	5.25
xw3fStKCwm	3.75
5twh6pM4SR	5.333333333333333
Cw6lk56w6z	4.5
bXI0thP733	4.5
0GZ1Bq4Tfr	3.75
QHVTxso1Is	5.0
0cJ8ERfnrM	5.5
Ffjc8ApSbt	6.666666666666667
v5lmhckxlu	3.4
eQcVfCK5cO	5.0
ABIcBDLBVG	5.5
AyXIDfvYg8	5.75
ADDCErFzev	6.0
tMKz4IgSZQ	4.333333333333333
p14iRzavpt	5.333333333333333
hIpUwg8kAU	4.25
oVVLBxVmbZ	5.25
327tbF3S65	6.0
9jmUwjZi7j	4.0
H7R0z6V9fR	5.25
djcciHhCrt	4.25
bZh06ptG9r	5.4
MZs2dgOudB	5.0
1tDoI2WBGE	2.0
IQZuCuFeAM	5.666666666666667
ELlBpc0tfb	5.666666666666667
uz7d2N2zul	6.333333333333333
E296x0YpML	5.5
uREj4ZuGJE	6.75
J44HfH4JCg	7.5
CpgoO6j6W1	4.25
FHqAzWl2wE	6.0
Hh0Cg4epYY	2.3333333333333335
KS8mIvetg2	7.5
fK9RkJ4fgo	5.666666666666667
7bIpWYhCdu	4.75
vmlwllg7DJ	4.25
RCKeTZKE5o	4.0
bobFZ6WxUd	5.333333333333333
tQqLV2N0uz	5.4
s6X3s3rBPW	4.0
JiTVtCUOpS	6.0
fweSF6QplV	4.75
GN921JHCRw	7.0
lBY65YaAho	4.5
uYTaVRkKvz	5.2
MtbelAMXJg	4.333333333333333
HX5ujdsSon	6.666666666666667
nhub8Pjp7y	5.75
WsRHpHH4s0	5.5
IAlmvV1pZd	3.5
6xfe4IVcOu	7.0
54AwQUaDZo	4.5
IjMUGuUmBI	6.8
yarUvgEXq3	7.333333333333333
vXf8KYTJmm	5.25
3K3s9qxSn7	6.333333333333333
sKPzAXoylB	5.25
SNGANmQPLv	5.25
IKOAJG6mru	5.0
4u0ruVk749	3.0
KKBZzMLGvH	4.4
Ixi4j6LtdX	6.75
1djnGJnaiy	5.0
k581sTMyPt	6.666666666666667
A0HKeKl4Nl	6.666666666666667
iTrd5xyHLP	3.4
o4AydSd3Lp	6.0
SjgfWbamtN	4.25
pPjZIOuQuF	6.333333333333333
6ZuDeSHzjj	1.5
mIEHIcHGOo	6.666666666666667
RXFVcynVe1	5.666666666666667
qYoIuM095A	4.25
pXEnurdRAx	4.0
5ES5Hdlbxw	5.75
74IIsh2kM6	5.0
w4DW6qkRmt	6.4
nNyjIMKGCH	5.75
YZ7NWYBd5z	3.0
xw5nxFWMlo	7.0
7b2itdrxMa	4.0
Qn4HEhezKW	5.0
zkzf0VkiNv	6.0
EAT7gmyIH2	6.25
2DbVeuoa6a	6.75
4nyTlyTtfX	4.25
WsIDPBcnCN	3.5
11nZWTg0mS	3.0
EIfcSw6MW0	3.0
he6mX9LTyE	6.0
uhR7aYuf0i	4.75
PI6yaLXz3C	3.6666666666666665
X1lDOv09hG	4.0
LXiG2WqKXR	3.5
lAhQCHuANV	6.333333333333333
jH67LHVOIO	6.333333333333333
PN9uaKA1nV	5.75
sGd02fkoAE	4.333333333333333
fwCoLe3TAX	7.5
hkQOYyUChL	4.25
gdNruOMSwc	4.333333333333333
cPgh4gWZlz	6.0
KQm3IUWxwb	4.666666666666667
m3xVPaZp6Z	7.5
CHGcP6lVWd	6.2
LiNIIxm545	5.333333333333333
iS5ADHNg2A	6.5
CTlUHIKF71	5.25
eIYDKNqXuV	3.8
HvTJLthEGQ	3.5
aD4YLji1PW	5.0
PsRL00864k	6.0
GzNaCp6Vcg	7.5
kjn99xFUF3	6.0
pUKJWr5zOE	5.0
kTRGF2JEcx	5.0
5M2MjyNR2w	5.5
sP0Aev2Gis	6.333333333333333
7Ttk3RzDeu	8.5
qT7DXUmX7j	5.666666666666667
e5lR6tySR7	4.0
WwCirclMvl	5.666666666666667
6cGiRiExUd	5.75
2uwvigLUr8	5.666666666666667
4bat0pSQBq	4.5
HrTGl8AhnS	5.0
aEGUT3OGCW	4.333333333333333
jhCzPwcVbG	5.0
UK7Hs7f0So	5.25
ElykcDu5YK	6.666666666666667
qxGXjWxabq	7.0
uRXxnoqDHH	5.0
5t57omGVMw	8.0
aqqE1yS3RY	5.666666666666667
4kLVvIh8cp	6.25
TC9r8gsaoh	6.0
Jf5gplvglq	6.333333333333333
yroyhkhWS6	6.75
e2YOVTenU9	5.666666666666667
zDMM4ZX1UB	5.0
j2AWbl4L3K	3.4
DE7IVrk8Ks	3.5
DVA0NDUdCQ	4.75
RwhRZojoYw	3.75
ibggY9ZJ1T	4.666666666666667
WM5G2NWSYC	2.0
fwJeVYGcbz	4.0
yID2fdta1Z	5.0
J4zh8rXMm9	4.0
10BTKkFfhl	2.5
MGWsPGogLH	3.0
vUgeBN7F9l	5.5
LTHWoQ9ac1	6.0
LUEe72DwPG	4.75
ZDGKPbF0VQ	6.25
mlJLVigNHp	7.0
VRCh74Liu9	4.25
rT2KyF8SFM	3.6666666666666665
rkplYfqUr0	6.0
0sO2euxhUQ	4.0
62K7mALO2q	6.0
ueQ6T58ZAK	4.0
XsHqr9dEGH	6.0
3yyGlNHnlj	5.4
dnaCBAP7X2	3.5
22pyNMuIoa	5.75
mCnWT9OVvK	5.25
JnRStoIuTe	5.2
kGteeZ18Ir	5.75
AZW3qlCGTe	5.666666666666667
Ad81awoBVS	5.4
I07KLz6Em1	3.6666666666666665
6Ey8mAuLiw	5.25
jTSKkcbEsj	5.75
2XBBumBGeP	6.5
N0gLRTmmO5	3.0
li1Z0OQfnA	6.75
RvUVMjfp8i	8.0
8dN7gApKm3	5.6
qrv4wcmmxe	6.0
SaSK9M66KK	5.0
Ba5KGabRe8	4.25
TlyiaPXaVN	6.75
4e0ItHjNo9	4.25
LEuuOaZNOT	3.0
LjygLD0AkT	5.0
JzvIWvC9MG	7.5
992eLydH8G	5.0
ervzSmtQyY	3.0
BhxsjonZ0z	3.3333333333333335
4N7v4w2r3b	5.25
uXbqFnQfH4	4.4
k8Y71G7Xpz	4.0
pe0Vdv7rsL	6.0
a01qbkxbve	5.0
Y84b6FahMD	4.666666666666667
dwzLn78jq7	6.25
dexKVPmPOg	5.333333333333333
2C3CWCPxNS	5.0
WNLAkjUm19	7.0
kZEXgtMNNo	6.0
ofzeypWosV	6.4
E4hK8t7Fts	3.0
4VgBjsOC8k	6.25
0j9ZDzMPqr	6.5
BmhWGsOyDu	4.666666666666667
ZBEs9CJiWs	5.5
aCgybhcZFi	5.666666666666667
x8VNtpCu1I	6.666666666666667
whxKU5YcH6	4.333333333333333
hdCDVSPQ7v	4.5
1p4q1cXOX9	3.5
oIwoBDsJJI	3.5
YH5w12OUuU	6.333333333333333
u3dX2CEIZb	6.0
4stB7DFLp6	6.333333333333333
xiGwCVzsCi	5.666666666666667
BoMvv7ypDF	5.8
W98SiAk2ni	3.0
ANvmVS2Yr0	8.5
CQF8mTF7qx	6.0
bvjcMvMn7B	5.75
FWJAmwE0xH	6.25
ITq4ZRUT4a	6.0
wu9nGGYvAX	4.25
n9xeGcI4Yg	7.5
uiFuqvkpAt	4.5
Oy1NtlFDmD	5.0
mPOVOwsDOO	5.5
3EWTEy9MTM	6.333333333333333
pmweVpJ229	6.666666666666667
LYGHdwyXUb	4.0
RsJwmWvE6Q	6.75
kIPEyMSdFV	7.0
ICwdNpmu2d	1.5
mMh4W72Hhe	6.0
qaJxPhkYtD	6.0
zBgAlcIoZP	6.0
GwKNdRc9Bj	3.75
Y2Txh5uGRe	4.25
M9nKQX5nYF	3.75
psDvcWtFdE	3.0
nSDOkm0SKo	1.0
HgVEz6wwbM	4.6
SuUh5aRbbu	4.0
ohdVLirfbz	5.5
w1JanwReU6	5.5
op19LjpHkH	5.75
J2pMoN2pon	4.75
dFcXJgnrGB	6.5
PfPnugdxup	5.75
FTSUDBM6lu	2.5
HC26cxtI96	1.0
M6XWoEdmwf	7.5
nhgTmx1TZJ	5.25
Zc2aIcucwc	6.2
D8DAQhpznu	4.0
w50MQ9Vfty	5.5
gPKTTAfYBp	7.333333333333333
oDdzXQzP2F	7.333333333333333
Cx6Jn6gKHz	5.75
O9gstAazBM	4.0
Nqir5R4ACn	4.0
ekeyCgeRfC	7.0
mSSi0zYkEA	3.75
CARclfc9ci	6.0
M8Q3XTUJP9	3.75
4g02l2N2Nx	6.333333333333333
gLZeEpfVjy	5.666666666666667
XNa6r6ZjoB	6.5
OF5x1dzWSS	6.666666666666667
84fOBZlOiV	4.0
FjifPJV2Ol	3.4
YCWjhGrJFD	6.25
Yp01vcQSNl	4.25
OnLAftJkhV	3.75
D2eOVqPX9g	6.25
jQ596tXT3k	5.666666666666667
fe6ANBxcKM	5.5
MeHmwCDifc	5.6
nZ7rpEp6wj	4.666666666666667
qVILwUxjLG	3.75
Kwm1OyINXt	5.333333333333333
o1TKGCrSL7	4.75
edETIhDTwL	3.6666666666666665
PKsTHJXn4d	4.0
RVaUSKSh9t	3.6666666666666665
XJiN1VkgA0	6.0
e3tveFVmoH	5.25
ZVi81SH1Ob	3.6666666666666665
ip5LHJs6QX	6.0
fB1iiH9xo7	7.0
Eo7kv0sllr	6.5
wsWGcw6qKD	5.25
jE8xbmvFin	6.75
pAoqRlTBtY	6.25
8OBuqbLb8h	6.0
kNpSUN0uCc	7.333333333333333
DDAtRS5Ngf	5.0
iPtgY9cJaV	5.2
0Ce3c9l7G1	4.0
aN4Jf6Cx69	9.0
D9rJdtmIG6	6.666666666666667
TTEwosByrg	6.25
OkHHJcMroY	7.0
r2ve0q6cIO	4.25
u8L1zzGXRq	3.0
q38SZkUmUh	6.333333333333333
PEuO8WTolW	4.8
4eJDMjYZZG	6.0
WnqD3EiylC	5.0
c0chJTSbci	6.25
9jMoHuqjfg	4.5
VmnWoLbzCS	6.0
TB5THwq1sq	3.6
MqEQbvPvkE	5.0
FItPCl4uEc	5.25
LCQ7YTzgRQ	6.25
1IaoWBqB6K	5.0
tHHzfZSP6T	5.0
QlFlo5533z	3.0
Cdng6X2Joq	3.6666666666666665
ogV88XPnK6	4.75
kXHEBK9uAY	5.75
fj2E5OcLFn	6.4
gkfUvn0fLU	7.0
c56TWtYp0W	6.0
90QOM1xB88	5.0
OCx7dp58H1	5.75
vrhrhGrdXm	5.6
DP4NkPZOpD	5.0
fAGEAEQvRr	5.5
xnUIMz5u2s	5.0
4Qz9BT4mpM	5.75
xxaEhwC1I4	6.666666666666667
ajG8vLTHh5	5.5
O8ouVV8PjF	5.8
ZlZakr4GYK	3.0
YfZMfrpEnl	5.333333333333333
RtOTTdWbZd	5.25
YBSEwwveMr	5.75
WPZ2yPag4K	5.75
4Hf5pbk74h	2.3333333333333335
f3g5XpL9Kb	6.666666666666667
t8D9JxEn0J	4.75
lOwkOIUJtx	7.0
kz5igjl04W	5.5
FcxwXnYXWh	4.75
Tigr1kMDZy	7.333333333333333
VPl472SKaB	2.5
p6hIAEHwSp	4.25
DWJr05rymY	5.25
dEz3ge8QSo	6.5
IpJIq3iwMH	4.333333333333333
17pVDnpwwl	7.0
T629ezwzxI	4.0
iGDWZFc7Ya	5.0
WNzy9bRDvG	7.0
BPHcEpGvF8	5.75
MQ4JJIYKkh	3.25
RgELE1dQXx	5.333333333333333
7VPTUWkiDQ	7.333333333333333
yzfi15eVI7	6.0
07xuZw59uB	3.0
uvFhCUPjtI	6.0
Dxm7eil2HT	5.0
f1xnBr4WD6	6.75
wQCPHxtzGV	4.75
1qzUPE5QDZ	5.25
SzV37yefM4	4.333333333333333
RVrINT6MT7	5.75
N2ggBozsss	3.6666666666666665
Abr7dU98ME	6.5
Rd1pjx84rk	5.0
P50qJuu4IY	4.8
Rry1SeSOQL	6.75
Rh4DmXaf8R	2.5
TgTJvwMEax	3.5
9wSWiavGwU	5.0
XgdNdoZ1Hc	4.75
rINBD8jPoP	5.6
tnBaiidobu	5.75
AnuHbhwv9Q	6.25
H4A9e8HvIn	7.0
m4Ya9RkEEW	5.5
UOdz9U4fxg	4.666666666666667
8ZW3oLNE0c	4.333333333333333
5HCnKDeTws	6.75
CZ6XT5phWW	4.333333333333333
xcMmebCT7s	5.8
3pgJNIx3gc	3.6666666666666665
ayLov67GxD	4.0
77N93tc3o5	4.5
LkQoiVp6XG	3.0
CgkAGcp9lk	3.0
EhrzQwsV4K	7.2
ICuUgRLp4C	4.5
NeWiiF6KLB	4.666666666666667
c93SBwz1Ma	5.25
xNn2nq5kiy	3.0
fjJcJhIzYx	4.75
bLhqPxRy3G	5.75
M0QHJI9OuF	4.666666666666667
samyfu6G93	6.0
DpFeMH4l8Q	5.666666666666667
kVj2uyytyg	7.0
yiyDi50xx6	4.0
YJxhZnGU1q	4.25
73lu1yw6At	5.8
UqY0SEe5pC	4.75
wgmOXVTGdb	5.25
AcGUW5655J	4.0
zSwH0Wo2wo	5.25
k82MvVIbrC	3.6666666666666665
B4nhr6OJWI	6.666666666666667
jenyYQzue1	6.75
gyJpajLkX2	6.0
mWxcEm7jIv	4.75
GKxmmAwxj1	5.75
FL1VmOgiO8	2.3333333333333335
zFWKKYz2yn	6.0
THJEa8adBn	6.666666666666667
w3YZ9MSlBu	7.5
rDH7dIFn20	6.0
ueTdErd5Ib	5.0
uCMxeZCp2T	4.25
npf3gREtf7	4.25
SmZD7yxpPC	5.666666666666667
kKXIYUi8ff	3.0
gisAooH2TG	4.25
agPpmEgf8C	8.0
AP779Zy70y	5.4
AcoXPIPh4A	6.0
MY8SBpUece	5.5
iARAKITHTH	4.25
q4cfN6PGY7	3.0
k9t8dQ30kU	6.75
RnYd44LR2v	5.75
BSqVfAFJWz	5.0
4WnqRR915j	6.666666666666667
IWpLQfZ8Xg	6.0
1vmSEVL19f	6.0
NgaLU2fP5D	6.75
eoTCKKOgIs	6.25
UTLv72uDlS	4.25
pAVJKp3Dvn	5.666666666666667
B4XM9nQ8Ns	6.0
IoDhZOgteu	4.75
W2tCmRrj7H	5.6
VyMW4YZfw7	3.0
79rfgv3jw4	6.75
Jos5c7vJPP	3.6666666666666665
1mOeklnLf4	3.5
RaqZX9LSGA	5.75
lJYAkDVnRU	5.5
oWKPZ1Hcsm	5.0
0ZUKLCxwBo	6.0
BOm1RYdHHu	4.0
lr806pdNZa	4.5
o0C2v4xTdS	6.0
C4QNyUqBIu	3.5
9GviaQcGnx	5.333333333333333
KJYIgEteHX	6.8
p5SurcLh24	4.75
gDDW5zMKFe	4.4
caW7LdAALh	6.25
uNl1UsUUX2	5.5
fjpfCOV4ru	5.666666666666667
vngVydDWft	6.0
TFKIfhvdmZ	7.0
hgDDyoWQt3	4.25
o2IEmeLL9r	7.333333333333333
MrR3rMxqqv	7.5
rjLgCkJH79	3.6666666666666665
W3VsHuga3j	6.25
zkE2js9qRe	3.6
MEGQGNUfPx	6.0
gxhRR8vUQb	7.0
p34fRKp8qA	6.833333333333333
ByW9j60mvV	5.25
QiJuMJl0QS	6.0
UHjE5v5MB7	6.0
eFVQaqkf8Z	4.666666666666667
HmKav4WZ9w	4.75
voLFfrWzFI	4.75
wrqAn3AJA1	4.25
ONhwvkaIe6	6.0
bgIZDxd2bM	4.0
ntUmktUfZg	5.333333333333333
bHOcs4PBgR	5.0
SUUrkC3STJ	5.5
D4NJFfrqoq	6.75
m7aPLHwsLr	6.2
pEGSdJu52I	6.0
VaZa8zj0Yw	4.2
fpoAYV6Wsk	6.5
7em7Jl0qMm	4.75
SkeoEFlF0E	4.75
OOxotBmGol	8.0
55uj7mU7Cv	6.25
UhcXE3o1R3	4.333333333333333
SqMVI1GFnp	5.5
RlbFGQYsJr	3.0
yuy6cGt3KL	7.25
lLhEQWQYtb	3.5
MOviNImhfq	4.75
vMBNUCZ4cS	5.666666666666667
LSYhE2hLWG	6.5
6bAfAcuuZD	5.5
WIzzXCVYiH	6.5
5mtwoRNzjm	6.5
sNtDKdcI1f	6.0
0jsfesDZDq	6.75
8LBS1nixTJ	5.5
UJkgGbLfWA	5.0
Y0wAim2F8A	3.5
GgEAdqYPNA	5.5
1YO4EE3SPB	5.5
vqIH0ObdqL	6.0
Pmrc0nEvxf	5.666666666666667
Of2nEDc4s7	6.666666666666667
Zr96FfaUGR	5.5
wRkfniZIBl	4.333333333333333
MCUvAc1GTg	5.5
Dtxc7mlKRg	4.6
uU0Adp7Sfo	3.5
66e22qCU5i	3.0
ffcHGwb4KF	5.0
5CBxA1l5RO	5.0
tEAF9LBdgu	6.5
TO2dzfZtgt	4.0
jX2DT7qDam	7.5
PQY2v6VtGe	6.333333333333333
1XarNmzbgG	4.75
Ns8SXMJ2ic	3.5
GfXF04YYvu	4.0
rtl4XnJYBh	5.5
tS3gexmfeT	3.5
FJWT0692hw	6.0
LfmZh91tDI	6.0
h05eQniJsQ	5.5
GnOLWS4Llt	5.0
WEQS3oUPs3	5.333333333333333
UvRjDCYIHw	5.5
R6AA1NZhLd	6.0
CAqdG2dy5s	5.5
0bMmZ3fkCk	5.75
WWlxFtR5sV	6.333333333333333
VUR7STEajx	5.333333333333333
fjZMGKB2dU	3.6
pCEgna6Qco	6.75
0bjIoHD45G	4.2
SyuQKk7sX2	5.0
NhLBhx5BVY	5.333333333333333
eJhgguibXu	2.5
wHgu98u8Sc	4.4
3j5bsiwRv6	5.5
0fSNU64FV7	4.25
d2YjPbSpDZ	4.0
mzyZ4wzKlM	6.75
0VZP2Dr9KX	5.25
XWfjugkXzN	1.6666666666666667
pUOesbrlw4	5.25
vbebD7QRxP	4.75
LXVswInHOo	7.5
hr4HTShC6l	3.0
z62Xc88jgF	5.75
WroPkTLiAJ	4.8
RvfPnOkPV4	7.0
0D6mUZTWoF	5.5
5RielfrDkP	7.0
f3NLRksLiZ	4.25
fgKjiVrm6u	7.25
clU5xWyItb	4.25
1JR20YOE0H	5.8
Fj7Fzm5lWL	5.25
LWEqTLCHrw	4.666666666666667
ySS7hH1smL	7.5
UNv8RzIf5x	5.25
zWqr3MQuNs	6.25
V5tdi14ple	6.25
lR3rk7ysXz	7.0
Tvwf4Vsi5F	5.75
FwdnG0xR02	4.666666666666667
tjn2YZSHUv	6.75
KZZbdJ4wff	3.75
bDcaz87WCZ	4.2
v3K5TVP8kZ	6.5
3xDaj4pRna	6.333333333333333
9rzEPbs4Wg	6.166666666666667
ccxD4mtkTU	4.75
z8q8kBxC5H	6.0
bkdWThqE6q	6.0
rwmWd2rjP1	4.75
2VAi5F9BOJ	2.5
hTEGyKf0dZ	7.0
BRoBig6ov1	4.333333333333333
EDXkkUAIFW	5.25
iI7hZSczxE	5.666666666666667
Aj1wftldeR	4.75
eP6ZSy5uRj	5.4
GlpawHh80l	5.75
AfnsTnYphT	7.5
MtzHEqqUm0	3.5
OMwD6pGYB4	5.75
zLwCT9srfo	5.0
0TZs6WOs16	3.5
0tWTxYYPnW	6.25
kvByNnMERu	7.5
OqlmgmS4Wr	6.0
NTWtNjlThd	5.25
TwB6N055Ub	4.75
ZMv6zKYYUs	6.5
Wsab3NhIwC	5.0
9vkgAaCI3F	5.25
HOf3K763zg	4.75
Kfpaq5CJPy	4.5
PH0L3ABwM2	4.5
6werMQy1uz	5.5
IrZTJ7t2GW	5.0
WjYNFZEjc7	4.25
IEduRUO55F	6.25
s90VIdza2K	6.0
7suavRDxe8	4.8
IORAqe04sO	2.0
UPvufoBAIs	6.0
lBwxmTbY6Z	3.75
IOp3Qgep9V	3.0
dONpC9GL1o	7.5
bsKMPAFHO7	6.0
OinvjdvPjp	4.5
LokR2TTFMs	6.5
VrHiF2hsrm	5.75
JEYWfmz2TU	3.0
e4xS9ZarDr	7.5
TTrzgEZt9s	8.0
yTY1RtowlY	3.75
1GUTzm2a4v	4.25
OR4Jo158Dd	4.333333333333333
iWi2mL8qoc	3.5
hDzjO41IOO	5.0
grQ97sPU5T	4.5
viNQSOadLg	5.666666666666667
EsjoMaNeVo	6.0
tzD9HVgeVx	4.5
J7hbPeOZ39	3.0
Jla53ILAha	5.666666666666667
1zt8GWZ9sc	3.6666666666666665
hqUznsPMLn	3.6666666666666665
xRiZddh5Pb	3.1666666666666665
gBLEHzKOfF	6.0
n3ZXEQKRbO	3.6666666666666665
UZS6D7GfP1	3.5
fM1ETm3ssl	3.0
gppLqZLQeY	6.5
YIls9HEa52	6.6
h7DGnWGeos	6.5
mBzsKsrXf9	5.25
zb3b6oKO77	5.5
L9G9nR8fMF	6.333333333333333
tbVWug9f2h	7.333333333333333
HfXDrAzFvG	6.0
bEAVTKUEpJ	4.25
2UnCj3jeao	6.0
mzo7N2XkJ2	4.0
KQALhPTAfj	3.75
aM7US5jKCd	5.25
S24zdyiWDT	6.0
hkL8djXrMM	5.25
riYNe4jnKV	4.6
wdEHqQWTG4	3.25
uZfjFyPAvn	6.8
sP1tCl2QBk	6.666666666666667
gMsZBhwiM4	3.3333333333333335
KQe9tHd0k8	5.8
20KYsQ8Q4Z	5.5
WQwV7Y8qwa	5.8
7GCRhebJEr	5.0
SEPaEuPwpr	5.25
lwtaEhDx9x	4.75
C42FkKhAUC	4.75
HYyRwm367m	6.5
5LhYYajlqV	5.333333333333333
0t1O8ziRZp	6.2
9k27IITeAZ	4.5
H5XZLeXWPS	5.5
04UvXg4CvW	4.333333333333333
9qtswuW5ux	4.25
RwwM7pKGWv	4.0
FH7lfTfjcm	4.5
LWwYyxF3w9	3.75
ztpy1gsUpT	6.0
VbR6K7TQV4	4.75
hkjcdmz8Ro	4.75
Jpu1Gd3F1r	6.0
RE0aibEQ1J	4.0
ajRRisV1n1	5.666666666666667
jsvvPVVzwf	5.0
kjZlzuVJF0	3.5
BqEvdOS1Hs	6.0
unxTEvHOW7	5.5
vY9nzQmQBw	6.0
eFS9Pm7bsM	5.285714285714286
YrTI2Zu0dd	6.5
T9w5ttdqLV	5.333333333333333
IjJU2BRSCV	5.75
YH9tnuUYds	6.2
PdaPky8MUn	8.0
FAGtjl7HOw	7.0
MCl0TLboP1	7.25
ctXZJLBbyb	5.8
K4fd38VWHt	4.75
TS8PXBN6B6	5.666666666666667
ZiHI6raor0	5.5
yQuF0jslCc	4.5
T0FuEDnODP	5.5
NI0RsRuFsW	4.0
5TlHjMVrNG	5.0
U6Qulbv2qT	6.8
4r2ybzJnmN	7.0
HmL2Buf0Ur	3.75
GPKTIktA0k	6.5
O0vy7hHqyU	3.0
LKx4rubqkO	3.75
pOBvr1PxFd	6.0
qRbkTbe8JT	4.333333333333333
z3mPLBLfGY	6.0
mzkpLkd1S8	5.25
WTh6EnJXWQ	5.0
8S7eGD15b6	5.25
2l7g7zwC4z	3.6666666666666665
7Jwpw4qKkb	7.0
af2c8EaKl8	7.0
PXXuLvIH5r	6.0
YIWe2amtrV	3.6666666666666665
rUH2EDpToF	6.0
3i7iNGxw6r	5.0
j5EbZEyK9I	4.5
vSh5ePa0ph	6.75
jo36Mzwuvf	4.75
DjIsNDEOYX	6.5
s2NjWfaYdZ	6.75
bwZ9xh178a	6.0
N1gmpVd4iE	5.8
DxM73sxtna	4.5
YKK1jXEWja	5.25
vueANsev2R	3.75
x5LvBK43wg	6.2
xC8xh2RSs2	6.5
XCMbagV0No	5.0
R6klub5OXr	5.25
hkSjjs4o5d	6.5
jeMZi2Z9xe	6.75
Ge0GEOvifh	4.666666666666667
d94x0gWTUX	7.333333333333333
rpwES4pe9W	4.75
EW8ZExRZkJ	7.333333333333333
SXTr9hIvJ1	5.75
XOnya9gSdF	7.5
50vyPuz0iv	4.0
ul1cjLB98Y	5.25
FAY6ORIvn5	5.25
d4uL2MSe0z	6.75
GSBHKiw19c	6.5
N581Nje6fH	1.5
NgtEafc8NZ	5.0
kO8AxyGBxG	4.4
ymjI8feDTD	6.5
IlNVkYUSfF	5.0
zEhTnQZB3D	2.3333333333333335
ZAMoxm86KV	3.6666666666666665
rUx0zQFwD1	5.333333333333333
icTZCUbtD6	6.2
tPjVRmHqCg	4.333333333333333
D9SA02esgh	4.0
1OfAO2mes1	6.0
7fxzVTSgZC	6.25
NLRo4qhg6t	3.0
Z8uFGTNXIF	5.333333333333333
hz2zhaZPXm	3.5
8zJevzvk64	3.5
rO62BY3dYc	3.75
5e0yWSNGIc	5.333333333333333
vlQ56aWJhl	5.0
5VD7dS3cZX	4.75
mssRRt6OPE	5.75
Ch7WqGcGmb	5.75
X0fDR10B7c	4.75
2inBuwTyL2	6.0
reBq1gmlhS	4.5
Q3YaCghZNt	5.75
kRdcwzEL5J	5.25
liuqDwmbQJ	6.0
B5Tp4WwZl8	6.25
6yv8UHVJn4	7.5
UMOlFJzLfL	5.75
D1w3huGGpu	4.75
WpQbM1kBuy	4.25
xt9Bu66rqv	7.5
86NGO8qeWs	6.5
Ro3EBZiKhT	4.25
LYS3RhIYCq	6.2
F0q880yOgY	4.4
LSrDaGWTnv	4.333333333333333
7gVX2LxE7A	3.6666666666666665
fnO5h1CFyh	3.0
x7LrHqcOyh	4.0
ulaUJFd96G	6.25
uw5U7FfTRf	3.0
ePOjNlOjLC	6.25
QbXo9pbJpp	5.25
DfPtC8uSot	6.75
fcSDt7H8kI	4.0
RFLZFxoLnE	3.5
oXjnwQLcTA	6.0
pTU2X9mUBe	5.25
krx55l2A6G	6.2
igfDXfMvm5	5.5
Bk0ykeYCfP	5.333333333333333
4y3GDTFv70	3.25
S4wo3MnlTr	4.25
jkhVrIllKg	4.25
bAMPOUF227	5.0
XN6ZPINdSg	6.4
f3UIvWeAKs	3.75
0akLDTFR9x	7.0
CaP3CByuLp	4.0
CpiOUOaqh3	2.0
ytGU2iit80	4.75
ISfY3YMXxU	5.75
pogJXugbN8	3.5
NiefAhgJqH	5.666666666666667
dtFN6T4aMU	4.666666666666667
u7LFI98JI6	5.0
LNLjU5C5dK	6.5
5T46w5X3Go	4.75
Bo6GpQ3B9a	7.0
TYXtXLYHpR	5.75
TCSoDjtSZL	4.5
61mnwO4Mzp	4.5
BkvdAYhyqm	6.333333333333333
fw1oizreEF	5.0
DyclWshWvf	4.0
C4s9CAvqyg	3.5
BlkxbI6vzl	7.0
lNZJyEDxy4	6.666666666666667
MNFKm4AStf	4.75
KNvubydSB5	6.4
iP8ig954Uz	5.333333333333333
8BAkNCqpGW	8.0
xoZ29eXUk7	4.5
yoVq2BGQdP	6.75
tAcEidZ1Y2	3.5
M2oUA4XBq4	3.5
mHv6wcBb0z	5.5
ndR8Ytrzhh	5.75
VJEcAnFPqC	5.25
MdHDUsP2lt	4.75
xLRAQiqd9I	6.25
r1IbewSnqq	4.0
5Itc7v0pnA	4.2
DbRfXmzwjc	4.5
HqQctXKI7W	4.5
7oYpj8BOLW	6.0
Oi6BhzIu7R	4.666666666666667
JdWpIe70FL	4.75
fGAIgO75dG	5.666666666666667
WDQ9ZzsgDL	3.5
CgpiO0DRrk	5.0
LzPWWPAdY4	7.333333333333333
ikmuHqugN7	6.6
vogtAV1GGL	5.75
r42tSSCHPh	7.0
3Jl0sjmZx9	5.2
y21ZO6M86t	7.25
I7FPVqlwSe	3.75
6LLho5X6xV	6.333333333333333
qi88abxiE4	4.5
Q9vYgjcvrX	3.5
8JCn0kmS8W	5.0
hCrFG9cyuC	6.0
IOEEDkla96	6.0
7HdtLgsvys	2.5
FDfq0RRkuz	5.5
oO6FsMyDBt	7.333333333333333
wsjNCPqziJ	4.5
YqyTXmF8Y2	6.0
wXpSidPpc5	6.5
3husFxdHI1	4.666666666666667
LixGd92Wri	5.666666666666667
HBEjrlu7Aa	5.666666666666667
YEPlTU5mZC	7.333333333333333
IGzaH538fz	8.0
PfaPgIQTul	5.25
wMXH8tTQE3	6.0
cYksYKbf6K	4.5
61DYdiyQqk	5.333333333333333
xVbke7yC07	2.3333333333333335
gbrHZq07mq	5.6
2Kf1AIdeyt	3.6666666666666665
apQukvJHFE	4.0
qNrJJZAKI3	7.0
G1Hlubz1fR	6.0
9gyDdCKTDJ	4.5
IiimxXqxNP	4.6
anG8cNYQAs	3.0
8DLVrWL78S	4.0
pTqmVbBa8R	5.333333333333333
rAX55lDjtt	4.6
Koh0i2u8qX	6.5
p4S5Z6Sah4	6.25
I0wEUVzbNY	4.5
E64ZqVCr72	5.25
YkEW5TabYN	5.0
FT4gAPFsQd	6.0
6IjN7oxjXt	5.5
l5ouuojPGe	3.0
CWoIj2XJuT	4.5
rKPK2Rn6y8	4.75
mHYkcQzdae	4.75
kaAtQwhnM2	5.4
hB2hXtxIPH	7.0
U2ZIgcrg7Z	4.75
NLevOah0CJ	6.333333333333333
ONnZVUrFBT	5.5
mbPvdO2dxb	5.0
nN1bEm8cna	5.25
kzGuiRXZrQ	5.75
zNzVhX00h4	5.25
DUkYDXqxKp	4.75
mRw9BuNO9i	6.0
Xkf2EBj4w3	7.25
BqHaLnans2	6.2
fszrlQ2DuP	6.0
AMCaG2TAeg	4.333333333333333
XT2yAa6Bbp	5.5
bcHty5VvkQ	5.5
49ZYkhEGmv	6.5
fyTPWfXtcc	4.666666666666667
MiMxv6ijvC	2.5
U0c2IaQhHk	5.0
DHCp41nv1M	6.333333333333333
TeeyHEi25C	6.25
jYHRP6nj9Q	5.0
OGtnhKQJms	7.0
WqovbCMrOp	5.8
anek0q7QPL	5.0
DkYQHewNcp	6.333333333333333
iriEqxFB4y	7.333333333333333
7n360rsYAq	6.0
ws0F5NTzGw	4.5
cTOL99p5HL	4.0
9nddtu94uX	6.5
r6NMqADLGQ	4.5
MY0qlcFcUg	7.333333333333333
SQrHpTllXa	8.0
tJDlRzQh7x	4.333333333333333
dcjtMYkpXx	6.5
TyFrPOKYXw	7.5
S4zpk61r6G	4.666666666666667
KTL534o7Ot	5.333333333333333
HKGQDDTuvZ	6.0
nMFSUjxMIl	5.75
gEdg9JvO8X	3.6666666666666665
OHll7EfuSi	4.666666666666667
PdTe8S0Mkl	3.0
EyQO9RPhwN	4.5
wprSv7ichW	6.666666666666667
T23HYw6lta	5.0
q9jQPA6zPK	6.5
IzrLkbq1dc	4.25
veIzQxZUhF	4.0
HAMBmtKLc8	4.75
Dk10QugVHb	5.75
epFk8e470p	1.6666666666666667
3mDe5o24BM	5.333333333333333
xvhjRjoFCN	4.333333333333333
kwn9ySjbc1	5.333333333333333
Y3wpuxd7u9	6.25
LY1eOfqU16	3.6666666666666665
scFfMOOGD8	4.25
yhvtZdqBNm	4.75
8WH6ZlDad6	5.25
aup1BV78Gq	6.5
LjivA1SLZ6	6.0
vZ6r9GMT1n	5.75
02f3mUtqnM	5.75
3cuJwmPxXj	8.0
wmq67R2PIu	3.5
yZBpnKpBCw	4.5
ck4SG9lnrQ	6.333333333333333
j5JvZCaDM0	7.5
tKu7NNu0Yq	4.0
EraNITdn34	5.666666666666667
S5EqslEHnz	5.6
1P92J25hdf	2.6
7JRbs3i9Ei	4.333333333333333
2LhCPowI6i	2.3333333333333335
vst5P4Pve2	4.666666666666667
kMp8zCsXNb	6.333333333333333
eJ0dzPJq1F	7.25
L9kwewFGQZ	4.6
0uUASYeXav	4.75
tuzTN0eIO5	7.0
ynguffsGfa	6.333333333333333
Zh047FhXqI	4.25
gqtbL7j2JW	5.0
LSxE03S4fp	4.75
mWf3RGc6HG	4.0
Y3NBqtrQat	5.5
TCJbcjS0c2	5.833333333333333
G3OCarOfxx	4.8
2bF381xEke	3.0
ZMjflI1aL0	4.333333333333333
qW9GVa3Caa	3.6666666666666665
vtyasLn4RM	5.75
eKGEsFdpin	3.6666666666666665
LYG6tBlEX0	7.333333333333333
HRkyLbBRHI	6.333333333333333
B5CgCJY2po	4.75
VeFmnRmoaW	5.0
vfHISoWo2m	4.0
OwtMhMSybu	7.333333333333333
FNCFiXKYoq	3.0
8oUF3uGIVo	4.0
fcZ9VadFd5	6.0
w8JizpeY4y	6.0
lQgm3UvGNY	5.0
T1Y2KmVtUn	6.5
EG68RSznLT	5.666666666666667
ro4CgvfUKy	6.6
UpgRVWexaD	7.0
Mkdwvl3Y8L	4.0
iTFdNLHE7k	6.75
HdAoLSBYXj	6.0
9DvDRTTdlu	5.5
LxCPyLREX5	4.666666666666667
8FHWkY0SwF	5.0
dn87xnULwF	5.0
lWXedJyLuL	5.666666666666667
cJs4oE4m9Q	8.0
YhNXGWVH1N	5.0
Op1XmdxFk8	4.75
7v3tkQmtpE	5.25
R7rZUSGOPD	6.5
2h3m61LFWL	4.25
EOTgj37XNM	5.0
nrDRBhNHiB	4.5
lgmCGI2IpI	4.5
Gny0PVtKz2	4.666666666666667
7iCUSBlOgh	5.2
d2TOOGbrtP	5.0
XaqaitclOA	5.0
5ZWxBU9sYG	4.25
Pa6SiS66p0	4.333333333333333
Xd46Q82QEO	5.0
tB7p0SM5TH	4.666666666666667
JGP1GlTnLF	4.5
1dY11GyZdp	4.666666666666667
dxI1HLatWw	6.25
N134PpnlKs	4.0
1yll8U12GT	3.6666666666666665
CJnyR3M6Oh	5.0
i43XCU54Br	5.5
x6gnuUXpxM	4.0
sFQe52N40m	5.25
8p3fu56lKc	6.0
yYylDyLnzt	3.0
KIq6p9iv2q	5.75
KskgLM728l	5.5
ZS6lgCLr2B	6.75
dVq2StlcnY	5.75
om5z1n0mXA	6.0
MBIGXMT0qC	5.0
TJ2PQ9QaDF	5.6
fMzO6vcmhy	4.25
Lxc4nBkJuq	5.0
xuY33XhEGR	8.0
THUBTfSAS2	7.5
DKfcxPxunu	5.75
FDb2JQZsFH	6.8
er7VhmqZEA	4.0
JzAuFCKiov	5.5
SKfBx2rv2c	5.0
RR70yWYenC	6.25
2iGiSHmeAN	6.5
BIglOUjfXX	4.0
q6WtaLj8O1	3.0
95joD3Yc5t	4.75
FFvCjbhpDq	5.0
Ki39vo5x1T	5.5
5jWsW08zUh	5.75
OVPoEhbsDm	4.666666666666667
pNfniUgXJt	4.5
3ZqKxMHcAg	5.333333333333333
JKpk2p4O99	5.25
JshLcbPI9J	5.0
JSS9rKHySk	6.8
ZS4m74kZpH	6.5
EwAGztBkJ6	4.0
KqTzfiNjWU	2.0
8T7m27VC3S	4.0
mYWsyTuiRp	7.0
K9sVJ17zvB	5.25
SIZWiya7FE	6.0
t3vnnLeajU	5.25
6W35Wcs077	6.25
ox2ATRM90I	6.2
NvJxTjTQtq	6.0
U9NHClvopO	4.75
i9Vs5NGDpk	7.5
70A6oo3Il2	4.333333333333333
zUDbPgskDS	3.25
iPWxqnt2ke	6.5
sDmjlpphdB	4.75
uvZDQvjULn	6.0
y2D8aW4son	4.0
Lv9KZ5qCSG	5.5
13D1zn0mpd	5.666666666666667
zmJDzPh1Dm	6.666666666666667
HXu7oYPOhg	4.0
j4VMrwgn1M	6.75
bm1JVsVZVu	6.0
VDkye4EKVe	3.0
We6kIyBOMp	3.6666666666666665
mIQ2puu82H	5.5
9Kgnvknvwd	5.0
WpMHBIYsUf	5.0
jzdQPKgIWA	4.75
zAdUB0aCTQ	6.2
FDve8qGH3M	5.0
Ai4L058yoO	4.5
ym0ubZrsmm	5.333333333333333
lvjz7Bm3Ea	3.75
QhoehDVFeJ	5.75
YEhQs8POIo	6.25
XCVuT5Stl5	5.25
5COCYDObes	5.0
QhYNXVcZYz	3.6666666666666665
pdJXYfJjz9	6.2
4kJfWZChJI	5.0
ecbRyZZmKG	5.25
Go33RnNiVH	4.0
wDd4Zcnc08	5.0
1Wi0Ys33Nm	6.25
xU0XRbn3b5	6.0
i6JcQpiFdR	6.0
A0DI5v6m8O	5.5
HM2E7fnw2U	4.5
rIx1YXVWZb	5.5
36L7W3ri4U	7.0
9OevMUdods	6.75
bA5o5eZplk	5.166666666666667
A6juYCULJO	6.0
ypAT2ixD4X	5.5
RzY9qQHUXy	6.75
Wgb8tuu5BI	3.6666666666666665
wCUw8t63vH	6.8
MCNqgUFTHI	6.333333333333333
9bmTbVaA2A	5.75
yqAToOgxgf	5.0
TJNCnkDRkY	5.25
92yrETgM6G	4.0
lWe3GBRem8	6.0
eVpjeCNsR6	5.6
5ep85sakT3	6.0
tr0KidwPLc	7.333333333333333
A81iom2Y41	6.25
pJBSzGmb9a	4.25
ZTssMmhC2X	6.4
oxjeePpgSP	5.75
VyWv7GSh5i	2.75
hz9TMobz2q	4.25
E78OaH2s3f	8.0
tnAPOvvNzZ	5.5
TDxtP8nxkh	4.0
5GX6s5TpmV	3.75
IsGsv8qEHp	5.0
ByR3NdDSZB	7.0
tsE5HLYtYg	6.5
5BCFlnfE1g	6.75
z7usV2BlEE	5.5
DiWRG9JTWZ	7.0
ufvwhR3XmN	3.75
5sixirvG0I	5.333333333333333
9vZ8UjP2Mz	5.0
G1DoOVM3xZ	5.25
HHbRxoDTxE	6.333333333333333
mF3cTns4pe	7.0
qaKRfobbTg	6.0
V7uPprVelO	5.5
lebNJk3ul9	3.8
WtHKqtHVXo	4.0
hac6DzbMa7	4.5
Qwq4cpLtoX	5.5
2zoi9YI21Y	3.6666666666666665
cLqCZ740vw	5.25
AZVmYg3LvS	4.5
b8hRudcKQ3	3.5
wOMy6J8epf	3.25
nJnky5K944	6.666666666666667
WSsP7W8tqN	4.2
p7iVaVidha	5.333333333333333
scxDIx6StY	3.4
Cqrv7Sve7g	6.0
8F6bws5JBy	6.0
5bNYf0CqxY	6.75
Gf4KZIqLHD	5.5
NY3HzOOL3u	4.0
2DJUXmHZ2O	4.75
ERTp3iQWPW	2.5
NY3wMJuaLf	6.0
hRbLHpLAy4	4.0
FeqxK6PW79	4.75
FNq3nIvP4F	5.5
FiQRgzKl64	4.5
5KcFkhEj4x	4.75
P2Fjm0nIit	4.333333333333333
vEEWhGjx0M	5.0
CThn4xaLDT	4.0
nATTIkte9f	4.75
NX0eNGXezp	5.0
G2Lnqs4eMJ	2.5
qhAx0fU9YE	5.5
nkUQPOwYy0	5.0
wxClzZdjqP	3.5
VJvbOSXRUq	5.75
kNGxg8shA1	5.5
jrm33chK71	5.6
4Ay23yeuz0	6.75
o8tjamaJ80	7.333333333333333
pBxeZ6pVUD	6.0
KEpR8hFzvO	5.0
htEL8LrrVe	4.75
c8UABqZfld	3.6666666666666665
Ts95eXsPBc	7.0
3GDKJSQnW2	5.0
7U5QE9T4hI	5.333333333333333
xAqcJ9XoTf	6.0
sawjxRnVpF	4.5
dRel8fuUK4	6.0
p5oXp5Kvq5	4.0
HiTg16qhxp	5.5
VzPGV19Bnp	4.75
jvtmdK69KQ	6.0
SQGUDc9tC8	6.8
xCawdgA8Qr	4.2
vW1SkPl4kp	5.666666666666667
vSwu81S33z	6.0
7mR83Q12cJ	4.75
B6pQxqUcT8	7.5
RR8y0WKrFv	6.6
KOUAayk5Kx	5.0
Rnxam2SRgB	4.75
SdUUyqakLl	6.0
02Ug9N8DCI	3.5
nr0w6CH7v4	4.25
AssIuHnmHX	7.0
4zZFGliCl9	6.4
X41c4uB4k0	6.5
mvGa1ikBD3	4.25
1WSd408I9M	1.0
bNt7oajl2a	8.0
6CGBfHtFRM	5.2
Z9AZsU1Tju	6.2
hF8jnnexSB	5.75
7avlrpzWqo	6.0
bDooTVT4t2	3.0
ntSP0bzr8Y	3.0
Uj2Wjv0pMY	4.333333333333333
639DcBewcJ	3.25
PYDOCManeN	4.6
kaZAKvjLro	3.5
9m02ib92Wz	6.0
RfCGvKBmMq	5.75
iUD9FklwQf	5.25
I2mIxuXA72	4.75
lNCnZwcH5Z	5.75
kT0vIJA8CT	5.0
G2cG3mQqop	7.0
pNlntv7A9X	5.0
xHmCdSArUC	5.666666666666667
6bcAD6g688	5.75
mH3yfzIPsL	5.0
xpyBQn6gJY	3.6666666666666665
ZuflmOaxb7	4.75
43cYe4oogi	6.25
kxgSlyirUZ	7.5
OhTzuWzO6Q	4.75
RSincg5RBe	5.25
B5kAfAC7hO	5.333333333333333
MNShbDSxKH	5.75
RqUMWdDg52	4.25
IcVNBR7qZi	6.25
2ov9RiAkxE	4.5
RFJGFrMvYj	1.5
yINucFNbcZ	4.833333333333333
mnHpxTxnYg	5.25
qoHeuRAcSl	7.333333333333333
A7t7z6g6tM	6.0
5o9G4XF1LI	6.25
xCRr9DrolJ	6.25
HKV45Y0rFz	4.75
gBV21wK07P	3.5
qPloNoDJZn	5.333333333333333
9528xxcT7h	6.5
L9U5MJJleF	6.0
1vrS1zwekw	6.25
duBCwjb68o	5.5
V01FPV3SNY	5.333333333333333
Rriucj4UmC	3.6666666666666665
YPOcBR9h2a	4.0
9nT8ouPui8	4.8
kDoKXaucJV	4.75
1iKydVG6pL	4.25
2JF8mJRJ7M	5.75
6uUmpPvqUU	5.0
Wure6HljpJ	3.6666666666666665
DFTHW0MyiW	7.0
eY7sLb0dVF	6.25
yxKZGQLzOP	6.5
HSKaGOi7Ar	8.5
svSWP21tdp	3.0
Pe2lo3QOvo	6.25
oxEER3kZ9M	4.75
OlwW4ZG3Ta	4.75
f77r0cBc4l	4.0
EBUoTvVtMM	5.5
L7LwHpjMTQ	5.0
eFWG9Cy3WK	6.333333333333333
AY9KyTGcnk	7.25
ekdurSMmbH	5.0
jw8EoY1FvF	4.0
xle26hcxHh	5.0
SHUQtRK0eU	6.666666666666667
zkVm3JqJzs	6.5
eS0qCQDrkG	3.25
ZyH5ijgx9C	5.75
NvSwR4IvLO	4.666666666666667
MOmqfJovQ6	5.75
QgwAYFrh9t	5.75
oKGDfMrD4A	5.75
usmP3muXMI	4.666666666666667
bZMyHBSnEI	5.25
Y8DClN5ODu	3.4
70xhiS0AQS	4.75
B1VWS7ZRm6	5.25
i2Phucne30	7.0
XDEWIMoiNK	4.0
qJ0Cfj4Ex9	6.2
BEH4mGo7zP	5.75
ta2ctBXj1J	5.0
tDxGthJkSD	3.0
viC3cpWFTN	5.333333333333333
qH8ADnIVII	5.75
H396R79GiQ	7.0
atQqW27RMQ	4.666666666666667
k2lkeCCfRK	5.0
SirD4KYNRr	4.25
KUNzEQMWU7	7.25
tj4a1JY03u	5.5
YcM6ofShwY	6.5
kxpswbhr1r	5.75
J9wzKfgZVK	5.333333333333333
thbtoAkCe9	5.6
tVTN7Zs0ml	6.0
i5da6iedW8	4.75
s5hSp7EdL3	6.0
UfBIxpTK10	6.0
mqVgBbNCm9	5.666666666666667
YGTSLDAPqb	4.333333333333333
gEUN4FCCrS	4.75
WIGsqpZpFT	4.75
gzqrANCF4g	8.0
3oTPsORaDH	6.666666666666667
N2WchST43h	5.75
7gLfQT52Nn	5.75
vSBB2nRaoj	3.6666666666666665
poFAoivHQk	6.0
Trg9qb0d5U	3.6666666666666665
OeQE9zsztS	8.0
vJGKYWC8j8	4.0
xw29VvOMmU	6.75
MNwXif6AWA	4.25
YxvmODVWny	5.5
ViNe1fjGME	7.333333333333333
rOpK0ToM3o	4.25
PHGxChm1l5	6.333333333333333
cHy00K3Och	2.5
oOGqJ6Z1sA	6.333333333333333
RDSj6S8WJe	5.8
rDIqMB4mMg	4.75
mjDROBU93g	4.5
W2HJKGnb5y	3.5
kJ0qp9Xdsh	6.5
L76lvHZqeS	4.4
u4FiXrH09F	4.75
SMZGQu6lld	3.6666666666666665
ndRkLsoQ1Q	3.75
ZuZujQ9LJV	6.25
3GunDQNKFJ	4.75
WrEFIbrVg9	3.75
OyIzNLAQfE	4.75
4olqbTBt1Y	6.4
sRyGgkdQ47	5.25
nFI3wFM9yN	6.0
5Nn2BLV7SB	7.0
KbetDM33YG	8.0
BAX3NXJ6vU	5.333333333333333
NltzxpG0nz	5.5
C371MUzjBl	6.25
lgvOSEMEQS	3.6666666666666665
J0qgRZQJYX	3.0
qOgLmcJxxF	5.75
xx05gm7oQw	5.0
TjhUtloBZU	8.5
Bl8u7ZRlbM	6.25
vE8Vn6DM0y	4.666666666666667
IRcv4yFX6z	8.0
8oZf2SlXEY	4.333333333333333
TilcG5C8bN	6.5
x2rZGCbRRd	5.5
bDZCBjVgKW	4.0
KJHUYWviZ6	4.5
UqEI76CKgO	3.6666666666666665
I09JonzQJV	4.0
1vqHTUTod9	5.0
uRhRDpsCO2	4.75
CfXh93NDgH	6.0
t84UBRhhvp	4.75
7ipjMIHVJt	5.25
PQStRgYfuJ	5.4
wabp68RoSP	3.75
usrChqw6yK	6.0
DQCZiKb3Uy	5.5
7vzyqs8UbA	5.666666666666667
Mhu9iNGKqP	4.5
SWRFC2EupO	5.5
lKxL5zkssv	6.333333333333333
plmBsXHxgR	6.25
2GJm8yT2jN	5.666666666666667
zMPHKOmQNb	8.0
Te5v4EcFGL	6.0
HjfvnxaU5k	3.0
71kocBuhNO	5.4
xVlcbh0poD	5.25
0Y26tFG3WF	3.6666666666666665
GURqUuTebY	6.25
oTRwljRgiv	7.0
98g9NdJPxm	4.333333333333333
v8jdwkUNXb	5.0
z9Xb6fADe4	4.0
rO8QOHrCeA	4.5
iX1RjVQODj	7.0
HxHrRUHMOD	5.0
JDp3AQ2elP	5.0
h8GeqOxtd4	6.25
v675Iyu0ta	5.6
b9aCXHhdbv	4.5
iTddgL0lTQ	3.75
SJZL5w4Iez	3.75
84Hk01tFKq	5.75
xTFgpfIMOt	5.666666666666667
cI7WAadODh	4.0
FMsmo01TaI	4.333333333333333
5zwrpqYIK5	3.5
m0x0rv6Iwm	6.25
Yr4RgiZ7P5	5.25
XVhm3X8Fum	6.666666666666667
J7AwIJvR3d	3.75
QHzzAU7Qf9	6.0
jLIUfrAcMQ	5.75
22OTbutug9	6.25
YH3tFtwuzb	5.4
BjG6McP5nA	6.333333333333333
mM7VurbA4r	6.666666666666667
rM9VJPB20F	6.25
RTL8fWgJaS	4.75
IYxDy2jDFL	7.2
b3KgHQos7P	4.75
WyEdX2R4er	8.0
uNrFpDPMyo	8.0
I0gwsdSgsk	5.0
FvfhHucpLd	3.6666666666666665
ORUiqcLpV6	6.0
8jKuUHsndT	5.5
z6n1fKMMC1	6.75
NGVljI6HkR	3.6666666666666665
fe8CzLTMG1	4.75
MCjVArCAZ1	4.5
ESSqkWnApz	4.25
fmoknhh7CH	5.2
506Sxc0Adp	4.0
aAEBTnTGo3	4.75
EpVe8jAjdx	8.5
w9tc699w3Z	7.0
3ZWdgOvmAA	5.0
C36v8541Ns	6.5
uf5EAGmkrN	5.5
xnhvVtZtLD	6.5
1XReHUSUp9	5.5
JAKcnjzQI3	5.25
0BqyZSWfzo	8.0
3UWuFoksGb	5.5
y3qpL2Ioys	4.75
rvUq3cxpDF	7.5
oaTkYHPINY	5.0
t8eO0CiZJV	6.4
EnXJfQqy0K	6.5
TTonmgTT9X	6.6
IzqZbNMZ0M	6.25
EsiU7bNabf	4.0
pB9XVRGVu0	5.75
2FAPahXyVh	4.75
68k0KcHFrW	5.666666666666667
WNSjteBJd9	5.333333333333333
gZRfDWLlGY	4.333333333333333
3xHDeA8Noi	7.5
yRrPfKyJQ2	6.0
iHcTLIor0m	6.5
Jhu4dQv5rY	4.666666666666667
MVe2dnWPCu	7.5
bLpUtGyf9g	5.75
cWiEN1plhJ	5.0
PCm1oT8pZI	5.75
L6L1CJQ2PE	6.75
RRKggDJxo2	4.25
RwI7ZEfR27	6.0
wOb0xFwdpr	3.5
VTF8yNQM66	6.25
CtiFwPRMZX	5.0
1NHgmKqOzZ	6.333333333333333
r9FsiXZxZt	6.666666666666667
tI3eqOV6Yt	5.0
760br3YEtY	5.6
J1djqLAa6N	6.5
ONhLaNbxVV	5.75
jYsowwcXV1	4.5
zMvMwNvs4R	6.0
97Dl82avFs	6.333333333333333
X2gjYmy77l	4.0
1YPfmglNRU	6.75
BxPqibGUPR	3.0
uBpSkFGVQU	3.6666666666666665
ZSD3MloKe6	6.0
sb0ojNl7F6	5.0
mGHJAyR8w0	6.5
dALYqPm9gW	4.75
SZErAetdMu	3.0
5eLgTLusaR	4.5
z3L59iGALM	7.5
O1lR4vSw5x	4.666666666666667
rzF0R6GOd4	8.0
mliQ2huFrZ	7.25
eJHnSg783t	6.5
yV6wwEbtkR	6.666666666666667
RIu5lyNXjT	6.666666666666667
wUaOVNv94O	4.0
pzpWBbnwiJ	5.25
osoWxY8q2E	7.333333333333333
Io0Q37X5fP	5.0
KsUh8MMFKQ	8.0
L4nOxziGf9	6.0
eojWsJQ2fe	4.75
LWuYsSD94h	6.0
6ssOs9BBxa	4.75
EHKS0oXuku	3.8
i4eDGZFcva	4.8
Zap3nZhRIQ	3.0
0VKEJKKLvr	3.0
jnZtTUdWyi	4.75
REKRLIXtQG	5.0
5tGGWOijvq	6.5
e0kaVlC5ue	5.4
fZZ4ubttru	5.5
smy4DsUbBo	6.0
LyNsMNNLjY	4.25
0kvrymILfy	5.25
g0mlwqs8pi	6.5
71mqtQdKB9	6.6
7erlRDoaV8	7.5
6tazBqPem3	3.6666666666666665
GOiEdLIgVF	3.6
SznHfMwmjG	3.5
Uavy4DLrXR	5.75
H8CtXin7mZ	5.25
2gwo9cjOEz	6.0
zamGHHs2u8	5.75
Vaf4sIrRUC	4.75
g16vmAtJ8x	6.0
IHmmnNvU2U	5.0
ky2JYPKkml	3.0
DQTxr8JtPX	4.25
zeobgjmUCc	1.0
8gZtt8nrpI	5.5
dsd04MYKax	4.8
UCfz492fM8	6.666666666666667
HCCkCjClO0	3.0
rIt0sJsZw9	4.25
aiPcdCFmYy	5.0
LY3ukUANko	6.333333333333333
rYyu3jpk8z	4.8
ta26LtNq2r	8.0
2kvDzdC5rh	4.4
Tj3xLVuE9f	6.8
sehRvaIPQQ	5.5
vFfMsKjqaH	4.25
xhCZD9hiiA	6.0
ze7DOLi394	7.5
DASh78rJ7g	7.333333333333333
kOBkxFRKTA	6.2
fkrYDQaHOJ	5.5
ROxsH4rMe4	4.2
53gU1BASrd	4.5
tcFcKyJgRM	5.0
EvRZ68ObgW	3.75
aKivEaIbN2	4.666666666666667
MFCjgEOLJT	5.75
nUBLhhVM1l	6.333333333333333
gTWaUlxxWi	4.0
OMVFYTgj0H	3.6666666666666665
ut9aUpFZFr	4.666666666666667
oAMArMMQxb	6.25
xh0XzueyCJ	5.75
GicZtgSlJW	5.0
dl34rOnbqJ	4.4
UB03wcP8RH	5.25
4KqkizXgXU	8.0
SkETBJRKH7	5.25
a745RnSFLT	7.5
Naiy1jf8UA	6.0
GwBTlCIGs5	5.0
YikB42Oyaw	4.75
dLrhRIMVmB	8.0
DuQkqSe9en	5.75
2uHTuvDkLZ	4.25
D6pHf8AiO7	4.25
xXtD9P2lvH	5.75
1mjsP8RYAw	6.0
0w42S2Gp70	5.333333333333333
ZhY1XSYqO4	5.25
d98CzL5h0i	4.75
rhaQbS3K3R	6.25
xtOydkE1Ku	6.0
zbOSJ3CATY	6.0
4SrzKsJocx	3.8
m4mwbPjOwb	3.0
KNtcoAM5Gy	5.5
AMDKqZcZbi	5.0
q20O1J9ujh	5.5
RsztjXcvUf	6.5
dLoAdIKENc	5.75
rNvyMAV8Aw	4.333333333333333
XK7kyCVjqr	5.75
DayPQKXaQk	7.0
hSyW5go0v8	7.5
piWvNRR0Ym	5.25
x5txICnnjC	5.5
CK5Hfb5hBG	6.5
ijK5hyxs0n	6.0
SFCHv2G33F	3.5
06lrITXVAx	7.0
dgmcE0RsTi	5.5
n3kFlvVhJM	4.666666666666667
ljVCPV7jK3	4.0
VoLDkQ6yR3	6.666666666666667
tfyLS1cB5W	4.0
xUzWmFdglP	7.5
lsxeNvYqCj	7.0
Yol6nUVIJD	6.0
iIT02bAKzv	5.5
qup9xD8mW4	6.666666666666667
NLPzL6HWNl	5.5
wZXwP3H5t6	4.25
hB7SlfEmze	6.75
eoB6JmdmVf	4.75
4Ua4hKiAJX	5.5
8nz6xYntfJ	4.75
QeX0YFt4iW	4.75
4FUa5dxiiA	5.0
HnVtsfyvap	5.0
C6zFUEvgiU	4.666666666666667
sSaN4gxuEf	6.0
S7j1sNVIm9	5.333333333333333
Je5SHCKpPa	6.5
h4pNROsO06	6.5
fj5SqqXfn1	5.0
OLi39lZS9Y	3.5
1tZbq88f27	5.5
yAcLwJu9qs	5.0
ZkBg5D2lgT	6.25
SIojR1ruNQ	6.0
DZyhUXpEee	5.75
XUZ2S0JVJP	6.75
AweVGJeW47	5.333333333333333
HE9eUQlAvo	6.4
QQt0MwXA81	6.2
6tqgL8VluV	6.0
XTHfNGI3zT	5.5
9j1RD9LlWH	7.333333333333333
C4CxQmp9wc	6.25
nqlymMx42E	7.0
MO632iPq3I	6.25
hp4yOjhwTs	5.75
RG98EkuHdT	5.5
6EQbYM0CIX	3.6666666666666665
L7KDMsqWl9	4.0
YGWGhdik6O	3.0
oTl1ABwM4n	4.25
KBGbEncHZF	3.0
gWHiS8Z867	5.333333333333333
zgHamUBuuO	3.0
YUefWMfPoc	5.75
v63GWletn8	6.75
lr0byX2aNO	5.0
v1VvCWJAL8	5.75
lNLVvdHyAw	5.0
vt5mnLVIVo	6.0
t5LXyWbs5p	5.5
9RLC0J2N9n	4.5
qcigbR1UYA	5.25
9GE0N1htnu	5.75
M0xK8nPGvt	7.5
3JjJezzVkT	5.5
3mnWvUZIXt	7.25
w49jlMWDSA	5.333333333333333
duLr8BIzro	4.666666666666667
3tjTJeXyA7	7.5
gyfXuRfxW2	7.0
wYvuY60SdD	6.0
Zz61cEY84L	6.25
8oNzf7u5lT	3.6666666666666665
nji0ztL5rP	5.333333333333333
NU9AYHJvYe	7.5
uS85FzjNDR	3.6666666666666665
6K81ILDnuv	5.25
sLkj91HIZU	6.8
S83ldgJZLh	4.75
iCNOK45Csv	5.75
l9GaXJnMJ8	4.666666666666667
6pPYRXKPpw	7.333333333333333
ZyXWIJ99nh	6.25
odY3PkI5VB	6.333333333333333
6NO5UVWvo6	4.5
Oju2Qu9jvn	7.333333333333333
jjA4O1vJRz	6.5
PvJnX3dwsD	6.4
nxPTSDp9xK	5.5
fud9JxIiEq	4.0
sTYuRVrdK3	6.25
Aemqy6Hjdj	5.666666666666667
ViPtjIVzUw	6.5
fUtxNAKpdV	6.5
vVoWRFV5Y4	3.75
6aRMQVlPVE	4.333333333333333
3OzQhhPLyW	5.166666666666667
STUGfUz8ob	7.6
2dLMPOY0HW	4.666666666666667
IcR1OOFzxm	6.5
79FVDdfoSR	7.0
tiKHRTqaUD	3.5
2qLSkTuqrb	4.75
EAkjVCtRO2	6.0
iShM3YolRY	5.25
ysue5S6cVS	5.666666666666667
fvse7bMkAs	5.166666666666667
LVFoynuAQn	4.333333333333333
ph04CRkPdC	5.5
EWcybWr3MR	6.0
IuXR1CCrSi	6.0
7Scc7Nl7lg	4.8
FM5xfcaR2Y	7.5
BWlSNtViSA	3.6666666666666665
bxITGFPVWh	5.833333333333333
pK7V0glCdj	4.25
3d0OmYTNui	6.666666666666667
wHBfxhZu1u	6.5
wk77w7DG1N	4.666666666666667
EE75tyB5Ay	5.333333333333333
ybiwT2yP1c	5.0
aJl5aK9n7e	5.25
DLfdJEuXkR	3.5
Kuj5gVp5GQ	7.0
EmUVpfrXWN	6.666666666666667
cDInj7WMQm	5.0
rR03qFesqk	6.666666666666667
FLOaCQfZe9	2.5
vfEqSWpMfj	2.5
WLOgB6oDnd	3.6666666666666665
z4Hcegjzph	6.666666666666667
YPpkFqMX6V	5.25
GkJiNn2QDF	5.0
Giwj9cgAIl	4.666666666666667
12zKEh2APn	5.333333333333333
Q53QLftNkA	5.25
MiPacpmtmy	4.0
J2TZgj3Tac	6.0
tDuQNUQN6q	5.0
F76bwRSLeK	4.8
w7LU2s14kE	7.333333333333333
9Gvs64deOj	3.6666666666666665
3RfGSbXUt8	3.6666666666666665
tUtGjQEDd4	8.0
FbuyDzZTPt	6.0
yiMB2DOjsR	7.0
Zww4Xqmk38	4.75
YTKShuSOhI	5.0
BxHgpC6FNv	5.666666666666667
lkIRFglmTp	3.75
RxhOEngX8s	4.25
unE3TZSAVZ	6.333333333333333
20oxNYWQl9	5.75
zRMXQMyyM8	4.0
EArTDUmILF	7.0
kKxvFpvV04	4.0
KJ1w6MzVZw	3.8
Qyp3Rni2g1	5.25
qTui9aQ3VW	6.0
XXpH3D0TVP	5.75
qUVP6IDc5J	3.5
owokKCrGYr	5.75
4WM0OogPTx	6.75
ivokwVKY4o	5.25
Qqu5mMgIBV	4.0
DL7JWbdGr3	4.75
VJDFhkwQg6	5.0
7JigPd5Pm5	2.5
5EtSvYUU0v	6.0
vg7dECgAw2	5.75
qr4ECbGcSj	6.75
auUngos7eR	6.666666666666667
mHXCByvrLd	5.0
93LoCyww8o	6.25
rAHcTCMaLc	5.714285714285714
qhkEOCcVX9	6.25
oDGkq0AleM	3.0
9cumTvvlHG	4.0
xhEN0kJh4q	6.25
q4AEBLHuA6	5.75
yjX303Smre	5.5
XMJBrvRDI8	6.25
jKHmjlpViu	6.0
V7QAX3zRh0	4.25
TzE7EG7S4i	5.666666666666667
dapU3n7yfp	5.5
2SuA42Mq1c	4.25
YkCjojDG3l	5.0
EcDO5EXFdH	4.2
nrctFaenIZ	5.75
S5yOuNfSA0	6.5
MQrFaQC3kj	4.0
fx8AJDQRVB	4.25
YOKnEkIuoi	5.8
CH6DQGcI3a	6.25
hj9ZuNimRl	6.0
sq5gkjC9jv	5.666666666666667
wIFvdh1QKi	4.333333333333333
KUz8QXAgFV	5.5
MXI8aSgl53	4.75
Ydlfehfvge	3.5
0JsRZEGZ7L	8.0
xIHi5nxu9P	7.2
PbGs8PGoCn	5.333333333333333
OZWHYyfPwY	7.0
CBGdLyJXBW	3.75
W0zgCR6FIE	5.75
WKALcMvCdm	3.75
r0BcyqWAcj	4.75
s3rjenIOfx	3.4
aqTipMg9CZ	5.25
wCRTEOIdmf	4.333333333333333
5XUlfPcQnG	2.5
rmXXKxQpOR	7.0
uKB4cFNQFg	5.0
1IIiQnLRe8	4.6
QxItoEAVMb	6.5
vmlboYfvpf	3.75
Dm4qrBuFKH	4.666666666666667
VdOaaDzDD6	5.0
uqYjAQ5diD	3.0
AIbQ3HDDHU	4.666666666666667
uJPWeZffgl	5.25
sysX9XMGdF	5.5
7pVIFJW2Hp	5.5
N7rEyHTZO9	3.0
64t9er38Zs	5.75
ledQ1BCrwc	4.333333333333333
VNyIVrKrqv	5.0
Piod76RSrx	5.5
5hAMmCU0bK	7.0
T16M4SzH1v	5.5
KknWbD5j95	5.4
mYp2KwjCWx	4.75
r125wFo0L3	5.0
pUy4mGPmUy	3.5
up6hr4hIQH	6.0
39HaKNXpsu	6.0
Sx7BIiPzys	8.0
hOMVq57Ce0	5.75
Jc0FssXh2R	6.25
zIJFG7wW2d	4.666666666666667
gIiz7tBtYZ	6.0
7gUrYE50Rb	8.0
cnAeyjtMFM	5.333333333333333
Re5KnZcXhf	6.5
bEDTZxwJjT	5.5
3ZDEwhAlCO	4.5
apA6SSXx2e	5.75
5liV2xUdJL	6.333333333333333
whFQe4MRIY	6.5
0y0yOpI4wx	3.75
ZlQRiFmq7Y	6.666666666666667
l6eA8Srlqd	5.5
PN0SuVRMxa	4.0
N2Kdq5biZx	5.333333333333333
Sy8upuD6Bw	6.333333333333333
lGUyAuuTYZ	5.666666666666667
lROh08eK6n	6.0
UyPmWupphV	3.0
czpx02orl7	4.75
D96juYQ2NW	5.5
CW2aryHm95	4.0
Pzir15nPfc	5.25
4lOWCkhr4g	5.25
XdSYtriYfI	5.0
bH6T0Jjw5y	8.0
RPhoFFj0jg	3.6666666666666665
j511LaqEeP	6.0
pqgDqYinDZ	3.5
Kn7tWhuetn	6.8
jId5PXbBbX	6.25
kBNIx4Biq4	6.5
UH4HinPK9d	3.5
rxBoUKhcBJ	5.25
kxebDHZ7b7	6.75
ptCIlV24YZ	5.8
khAE1sTMdX	6.25
iyMixbK9M2	3.6666666666666665
lIYxAcxY1B	4.333333333333333
aBUidW4Nkd	6.25
PhanPLSHRt	4.0
YhPUSofMgr	5.0
lm7MRcsFiS	6.0
jD1sU2vLOn	3.6666666666666665
8oYjW8QxuC	5.666666666666667
xlQrAm3LE4	3.5
2Oiee202rd	6.0
ZSvOIT5Ai2	4.333333333333333
rr4OccbgJi	4.25
8SPSIfR2e0	5.75
NjNfLdxr3A	7.25
v9Pguuamfp	5.6
I4Yd9i5FFm	3.0
7Zbg38nA0J	5.0
4WKDwIaF7y	4.75
wLbL3lJNTL	5.25
0sbIEkIutN	5.5
Bb21JPnhhr	6.25
DGez4B2a6Y	7.0
ZZTkLDRmkg	6.6
V8aD5pUcVX	5.333333333333333
oUeYSTIhpE	4.75
uwO71a8wET	6.5
PdwrCm5Msr	4.75
nTNElfN4O5	5.5
kQqZVayz07	4.0
TPAj63ax4Y	4.0
NddKiWtdUm	6.2
vE1e1mLJ0U	6.75
rrCF6WasY8	4.75
ykEixGIJYb	7.0
ep9y5OrFmS	3.5
UDNJdVjhyg	4.75
pC3WJHf51j	6.75
aFMiKm9Qcx	4.75
oq5EF8parZ	5.5
OIsahq1UYC	7.5
PfAqPxPsAj	5.0
j20nMRUWK9	5.8
7FHrZuKogW	5.5
eMNN0wIyVw	6.0
ylHLVq0psd	5.5
JSlTXa6WE6	5.5
Yz0Strbex6	6.0
SZZEH8x54D	4.25
rsg1mvUahT	6.5
gENfMmUIkT	1.6666666666666667
UulwvAU1W0	6.25
WR9M6AA4LT	6.0
Oashk4fDD9	6.0
kA7vZQG34x	5.333333333333333
17BA0Tl2Id	5.5
GY1fKFXG5i	6.6
Zz594UBNOH	6.0
5HpZZbgdeK	5.0
NxoFmGgWC9	5.5
Hsf2pDv2Qw	3.25
TkP2RtR4hr	3.0
8ohamFnX14	5.2
jFox1iMWUa	3.4
K6iBe17Y16	5.4
JWHf7lg8zM	4.5
EDPxCjXzSb	5.5
wYmvN3sQpG	5.666666666666667
ltZ9ianMth	5.5
pyuCmLLluu	5.5
t8vJSIsLhC	6.0
VNHsZPZ5rJ	6.0
PXD3FAVHJT	5.666666666666667
rzBskAEmoc	7.5
h5lqXPd9JN	4.75
ATEawsFUj4	6.5
KbvKjpqYQR	6.0
dKPzWyaOsK	3.6666666666666665
TUiEgloner	4.75
MnMWa94t12	6.666666666666667
89l6VLPrin	5.333333333333333
VIEbRFp6s3	5.8
skcTCdJz0f	5.666666666666667
djmLZkEw1L	3.5
bdJaYLiOxi	4.75
3zvB14IF6D	5.75
GsNp4ob8BY	5.25
ulMXGO1fdH	4.333333333333333
s5ZAs0UkRr	4.0
PoBB8n52oi	5.5
WEoyWdsI9f	4.75
H8Qg1IIMaR	5.25
bIHyMpzeuI	5.25
HsJzGWvg7K	5.666666666666667
MACKSU3xed	2.5
TYyzypZrgU	2.5
uvq4Nh8eZB	4.0
3y2TfP966N	6.0
Gk75gOjtQh	5.5
i7P2mK3x3o	4.2
KiK4MNkuiQ	5.0
8S14xeFQAY	4.666666666666667
x36mCqVHnk	5.5
f5juXkyorf	5.25
qDMyhAxok3	4.666666666666667
MpWRCiw8g5	3.5
5vXDQ65dzH	5.25
Z2dVrgLpsF	5.25
LqRGsGWOTX	6.8
IB1HqbA2Pn	5.5
Q8ibi56aM6	4.0
WdvT2UgsTK	5.666666666666667
lf8QQ2KMgv	3.75
1VeQ6VBbev	7.333333333333333
DT8ipHAAVz	3.5
ATQSDgYwqA	4.166666666666667
mOTiVzTgF2	4.2
7LZjuA4AB2	3.0
vXxardq6db	5.6
B37UmlxsaP	2.5
O04DqGdAqQ	5.5
MloaGA6WwX	6.0
g4I3Wzv3fw	4.75
d3xKPQVjSc	7.25
1oqedRt6Z7	5.75
RJDjSXNuAZ	5.5
IL9o1meezQ	4.5
HobyL1B9CZ	7.0
DEJIDCmWOz	6.0
q0IZQMojwv	4.0
fDaLmkdSKU	5.8
lUYY2qsRTI	7.5
9F0xInGNBF	5.25
b7bilXYHgG	5.0
CCo8ElCT7v	4.25
9RNfX0ah0K	6.25
PBEQIxXDDD	4.0
Pj3ErOxlLo	6.0
x7cuUZxwFS	5.0
ESq3U7z6FD	6.0
H3IUunLy8s	6.666666666666667
3y1K6buO8c	7.0
5nM2AHzqUj	6.0
pSf8rrn49H	4.666666666666667
3J7foqnJkA	5.666666666666667
2wFXD2upSQ	5.5
Nil8G449BI	5.5
4MvHiijJL3	5.4
wiYV0KDAE6	5.75
JlSyXwCEIQ	5.75
sY5N0zY5Od	7.333333333333333
le1UUMd45T	7.5
3QR230r11w	5.0
25VG15SnkH	3.75
xJEd8PkdNz	7.0
c0MyyXyGfn	5.666666666666667
rDgw3yX2aO	4.5
d6tUsZeVs7	6.0
FPpLTTvzR0	6.25
RN2lIjrtSR	6.0
CwAY8b8i97	4.0
9WD9KwssyT	7.5
TWVMVPx2wO	6.333333333333333
DFQCJmHPoe	3.75
1Akd36hG9z	5.333333333333333
vN9fpfqoP1	5.666666666666667
WOiOzHG2zD	6.666666666666667
UMwn5l37gU	3.75
dKPh4CLmYp	4.285714285714286
m5m3nugttY	5.25
PbpJnyewVM	4.0
cUSNs8nGaV	6.333333333333333
gDlsMWost9	5.25
GYAvwLviup	4.25
XyrB1Ay44j	6.0
Xi7UoErFRt	5.0
dxJKLozjQl	3.0
hgrZluxFC7	5.8
tVuZa1bgOs	6.0
otU31x3fus	5.25
AcSChDWL6V	6.5
lvSMIsztka	7.5
1pTlvxIfuV	5.5
yisfNWUEsD	5.666666666666667
bjlTHVAkHS	4.333333333333333
zgQ0PHeGnL	6.0
SqNi6Se1NT	5.0
Fd8MBEOirN	3.75
pA4s793lcB	4.5
mavWQw7DnC	4.333333333333333
iTTZFKrlGV	6.5
zhINOCrrqI	5.75
YzJT0Y67Go	5.0
YmQyEdLIkU	5.5
a4O528mek9	3.0
akKNGGWegr	5.25
FlY7WQ2hWS	5.0
f7PmO5boQ9	4.25
AwX6ON5A0V	4.0
7TOs9gjAg1	6.5
JXjXeTsqgW	5.25
1JtTPYBKqt	7.333333333333333
QibPzdVrRu	6.5
3pf2hEdu8B	6.0
tmqOhBC4a5	7.5
vFqVifIr6E	3.5
VWGyUZ9dOX	3.5
x17qiTPDy5	5.0
AKZtQO81GQ	6.0
PBSmr51fCR	5.0
99tKiMVJhY	6.333333333333333
8Xx0mKoCMd	5.5
k1wlmtPGLq	7.0
Oc4ji1iCjQ	7.0
7Jer2DQt9V	4.5
a4DBEeGfQq	5.25
mxCX2bSV0Z	3.5
BBD6KXIGJL	7.333333333333333
816T4ab9Z5	5.8
CkH1l00p6u	4.75
KqbCvIFBY7	6.0
pE6gWrASQm	6.5
KBo7Z5aTV0	6.0
3rBu7dR7rm	4.333333333333333
AfhNyr73Ma	7.0
yVJd8lKyVX	6.0
e1vqloonRy	6.25
BdPvGRvoBC	6.0
ey3GhWXQ97	6.333333333333333
nkCWKkSLyb	5.5
VtmBAGCN7o	6.333333333333333
FddFxi08J3	6.5
yMMIWHbjWS	6.0
uWVC5FVidc	6.6
EriR6Ec69a	6.5
Dt3rcTC8Sw	5.5
VB2WkqvFwF	4.333333333333333
4vPVBh3fhz	6.4
PtB6l1vNtk	4.0
Unz9zYdjTt	5.5
X1p0eNzTGH	5.666666666666667
0JWVWUlobv	5.25
KSjPaXtxP8	6.5
LUcdXA8hAa	4.75
sK2A7Ve2co	2.5
l5rEkR8OgU	5.25
bbCL5aRjUx	6.666666666666667
9zhHVyLY4K	6.5
r65xfUb76p	5.666666666666667
W8S8SxS9Ng	6.25
vy42bYs1Wo	6.75
EwMhfwiAuv	4.25
T8RiH35Hy6	5.0
vyGp9Mty2t	5.5
KkrDUGIASk	6.75
Q6HYM1EMu8	3.0
R4gqcDRJ9l	5.75
JsJGd0xfgv	5.0
StkLULT1i1	5.0
E4flIscNE6	4.5
V1GM9xDvIY	7.0
OTMPdMH9JL	6.5
wPhbtwlCDa	6.5
fibxvahvs3	6.75
TYMeXb6PAw	4.0
KC2MViQASx	5.6
AU2gS9ut61	7.2
LGzTtvisL3	4.75
NvbeD9Ttkx	6.25
jMJ9IRWmH9	3.5
0zIKlb0prF	4.6
KP4xJQcG3H	5.5
VQ7Q6qdp0P	4.75
L3jATpVEGv	4.0
B8FA2ixkPN	5.0
vb3O9jxTLc	4.0
Va2IQ471GR	5.0
8tWOUmBHRv	4.0
zwU9scoU4A	6.666666666666667
DjzvJCRsVf	7.0
ywGSgEmOYb	4.4
vQqJJzL2Jf	6.0
Lvf7GnaLru	5.75
QzTpTRVtrP	7.333333333333333
pNgY6ODeMp	4.25
k5THrhXDV3	6.666666666666667
AY6aM13gGF	6.25
87YOFayjcG	5.25
H03dW4TysQ	3.5
vrBVFXwAmi	8.0
FlH6VB5sJN	5.2
